exposure	outcome	id.exposure	id.outcome	samplesize	SNP	b	se	p
exposure	CD19 on IgD- CD27- B cell || id:ebi-a-GCST90001732	EXeeTg	ebi-a-GCST90001732	3656	rs10119773	-1.59200507614213	1.59708121827411	0.318851105477027
exposure	CD19 on IgD- CD27- B cell || id:ebi-a-GCST90001732	EXeeTg	ebi-a-GCST90001732	3656	rs10476484	0.656029810298103	2.47764227642276	0.791179041755957
exposure	CD19 on IgD- CD27- B cell || id:ebi-a-GCST90001732	EXeeTg	ebi-a-GCST90001732	3656	rs10765820	-0.28371266002845	1.8022759601707	0.87491456131128
exposure	CD19 on IgD- CD27- B cell || id:ebi-a-GCST90001732	EXeeTg	ebi-a-GCST90001732	3656	rs11022762	1.81949458483755	1.65282791817088	0.27096748463017
exposure	CD19 on IgD- CD27- B cell || id:ebi-a-GCST90001732	EXeeTg	ebi-a-GCST90001732	3656	rs11090045	-3.36960849369608	1.86927670869277	0.0714468281960752
exposure	CD19 on IgD- CD27- B cell || id:ebi-a-GCST90001732	EXeeTg	ebi-a-GCST90001732	3656	rs11115117	-2.33093525179856	2.00770811921891	0.245644709824036
exposure	CD19 on IgD- CD27- B cell || id:ebi-a-GCST90001732	EXeeTg	ebi-a-GCST90001732	3656	rs11167957	-0.104154078549849	1.91465256797583	0.956617735984405
exposure	CD19 on IgD- CD27- B cell || id:ebi-a-GCST90001732	EXeeTg	ebi-a-GCST90001732	3656	rs11263943	1.35170278637771	1.51888544891641	0.373503099744024
exposure	CD19 on IgD- CD27- B cell || id:ebi-a-GCST90001732	EXeeTg	ebi-a-GCST90001732	3656	rs11613183	-0.755704169944925	1.86860739575138	0.685903121570673
exposure	CD19 on IgD- CD27- B cell || id:ebi-a-GCST90001732	EXeeTg	ebi-a-GCST90001732	3656	rs11627348	1.03921568627451	2.21621621621622	0.639130826497683
exposure	CD19 on IgD- CD27- B cell || id:ebi-a-GCST90001732	EXeeTg	ebi-a-GCST90001732	3656	rs11665070	-1.10051186598418	1.17543043275942	0.34913786224631
exposure	CD19 on IgD- CD27- B cell || id:ebi-a-GCST90001732	EXeeTg	ebi-a-GCST90001732	3656	rs1282545	-0.289712230215827	1.78920863309353	0.87136728237361
exposure	CD19 on IgD- CD27- B cell || id:ebi-a-GCST90001732	EXeeTg	ebi-a-GCST90001732	3656	rs13070517	-3.5345080763583	1.82525697503671	0.0528133343130075
exposure	CD19 on IgD- CD27- B cell || id:ebi-a-GCST90001732	EXeeTg	ebi-a-GCST90001732	3656	rs17049509	-3.02403846153846	2.02197802197802	0.13476203282592
exposure	CD19 on IgD- CD27- B cell || id:ebi-a-GCST90001732	EXeeTg	ebi-a-GCST90001732	3656	rs1978573	3.05433287482806	2.2627235213205	0.177064736607493
exposure	CD19 on IgD- CD27- B cell || id:ebi-a-GCST90001732	EXeeTg	ebi-a-GCST90001732	3656	rs2282040	-0.984954513645906	1.70398880335899	0.563244710815777
exposure	CD19 on IgD- CD27- B cell || id:ebi-a-GCST90001732	EXeeTg	ebi-a-GCST90001732	3656	rs2305411	-1.42995480955455	1.82246610716591	0.432672714712051
exposure	CD19 on IgD- CD27- B cell || id:ebi-a-GCST90001732	EXeeTg	ebi-a-GCST90001732	3656	rs2627019	-4.21439628482972	2.14396284829721	0.0493328158448446
exposure	CD19 on IgD- CD27- B cell || id:ebi-a-GCST90001732	EXeeTg	ebi-a-GCST90001732	3656	rs3124426	-0.923272035510463	1.82244768547876	0.612427792038069
exposure	CD19 on IgD- CD27- B cell || id:ebi-a-GCST90001732	EXeeTg	ebi-a-GCST90001732	3656	rs314289	-1.38348765432099	2.03626543209877	0.49686923198998
exposure	CD19 on IgD- CD27- B cell || id:ebi-a-GCST90001732	EXeeTg	ebi-a-GCST90001732	3656	rs34351088	1.60431654676259	1.30472764645426	0.218840201369681
exposure	CD19 on IgD- CD27- B cell || id:ebi-a-GCST90001732	EXeeTg	ebi-a-GCST90001732	3656	rs34657012	-2.29503916449086	2.161227154047	0.288274352277229
exposure	CD19 on IgD- CD27- B cell || id:ebi-a-GCST90001732	EXeeTg	ebi-a-GCST90001732	3656	rs35393419	0.557385759829968	1.46174282678002	0.702968867864882
exposure	CD19 on IgD- CD27- B cell || id:ebi-a-GCST90001732	EXeeTg	ebi-a-GCST90001732	3656	rs35738585	-1.47933019361591	1.29408686551544	0.252977987919911
exposure	CD19 on IgD- CD27- B cell || id:ebi-a-GCST90001732	EXeeTg	ebi-a-GCST90001732	3656	rs3772882	-3.04982935153584	1.83344709897611	0.0962243799029281
exposure	CD19 on IgD- CD27- B cell || id:ebi-a-GCST90001732	EXeeTg	ebi-a-GCST90001732	3656	rs391957	0.39800796812749	1.67596281540505	0.812284285641896
exposure	CD19 on IgD- CD27- B cell || id:ebi-a-GCST90001732	EXeeTg	ebi-a-GCST90001732	3656	rs45601232	-12.0726762320649	8.41391141609482	0.151330678396293
exposure	CD19 on IgD- CD27- B cell || id:ebi-a-GCST90001732	EXeeTg	ebi-a-GCST90001732	3656	rs4791331	-0.401151079136691	1.78345323741007	0.822034191913565
exposure	CD19 on IgD- CD27- B cell || id:ebi-a-GCST90001732	EXeeTg	ebi-a-GCST90001732	3656	rs527528	-0.0257543103448276	1.50431034482759	0.986340609253344
exposure	CD19 on IgD- CD27- B cell || id:ebi-a-GCST90001732	EXeeTg	ebi-a-GCST90001732	3656	rs56084168	-2.36534552845528	1.75609756097561	0.178001853894005
exposure	CD19 on IgD- CD27- B cell || id:ebi-a-GCST90001732	EXeeTg	ebi-a-GCST90001732	3656	rs62442206	-1.75389702409069	1.62210675484176	0.279587540897937
exposure	CD19 on IgD- CD27- B cell || id:ebi-a-GCST90001732	EXeeTg	ebi-a-GCST90001732	3656	rs6941112	-2.53824362606232	1.60396600566572	0.113540105417993
exposure	CD19 on IgD- CD27- B cell || id:ebi-a-GCST90001732	EXeeTg	ebi-a-GCST90001732	3656	rs73205551	-0.140041710114703	1.66110531803962	0.932812871569708
exposure	CD19 on IgD- CD27- B cell || id:ebi-a-GCST90001732	EXeeTg	ebi-a-GCST90001732	3656	rs7567451	-0.75	2.08263888888889	0.718757367035738
exposure	CD19 on IgD- CD27- B cell || id:ebi-a-GCST90001732	EXeeTg	ebi-a-GCST90001732	3656	rs80143279	-0.206599552572707	1.04399701715138	0.843128892839485
exposure	CD19 on IgD- CD27- B cell || id:ebi-a-GCST90001732	EXeeTg	ebi-a-GCST90001732	3656	rs9366697	-0.0862802641232575	2.02861335289802	0.966074885050534
exposure	CD19 on IgD- CD27- B cell || id:ebi-a-GCST90001732	EXeeTg	ebi-a-GCST90001732	3656	rs9462364	0.931750741839763	1.83902077151335	0.612396271766685
exposure	CD19 on IgD- CD27- B cell || id:ebi-a-GCST90001732	EXeeTg	ebi-a-GCST90001732	3656	rs9811585	2.40902679830748	1.85543018335684	0.194161720208586
exposure	CD19 on IgD- CD27- B cell || id:ebi-a-GCST90001732	EXeeTg	ebi-a-GCST90001732	3656	All - Inverse variance weighted	-0.656241342767047	0.278810911460865	0.0185868702995903
exposure	CD19 on IgD- CD27- B cell || id:ebi-a-GCST90001732	EXeeTg	ebi-a-GCST90001732	3656	All - MR Egger	-0.413503341181705	1.38651980316264	0.767241349709028
